{"cameraMode":{"drawMode":0,"name":"Shaded","section":"Shading Mode"},"sceneLighting":true,"audioPlay":false,"sceneViewState":{"showFog":true,"showMaterialUpdate":false,"showSkybox":true,"showFlares":true,"showImageEffects":true,"showParticleSystems":true},"in2DMode":false,"pivot":{"x":10.137904167175293,"y":4.480957508087158,"z":-5.365935325622559},"rotation":{"x":0.00320252007804811,"y":0.9887498617172241,"z":-0.1482439637184143,"w":0.02439774014055729},"size":2.8144707679748537,"orthographic":false}