{"cameraMode":{"drawMode":0,"name":"Shaded","section":"Shading Mode"},"sceneLighting":false,"audioPlay":false,"sceneViewState":{"showFog":true,"showMaterialUpdate":false,"showSkybox":true,"showFlares":true,"showImageEffects":true,"showParticleSystems":true},"in2DMode":false,"pivot":{"x":32.2404899597168,"y":35.85102844238281,"z":32.61943817138672},"rotation":{"x":-0.01907975785434246,"y":-0.2689976990222931,"z":0.005322795361280441,"w":-0.9629470109939575},"size":2.8578836917877199,"orthographic":false}